{"cameraMode":{"drawMode":0,"name":"Shaded","section":"Shading Mode"},"sceneLighting":false,"audioPlay":false,"sceneViewState":{"m_AlwaysRefresh":false,"showFog":true,"showSkybox":false,"showFlares":true,"showImageEffects":true,"showParticleSystems":true,"showVisualEffectGraphs":true,"m_FxEnabled":true},"in2DMode":false,"pivot":{"x":4.763805866241455,"y":0.007214562501758337,"z":0.5822499990463257},"rotation":{"x":0.0008584649185650051,"y":-0.9712587594985962,"z":0.23800182342529298,"w":0.0035029212012887},"size":0.14794416725635529,"orthographic":false}