{"cameraMode":{"drawMode":0,"name":"Shaded","section":"Shading Mode"},"sceneLighting":true,"audioPlay":false,"sceneViewState":{"m_AlwaysRefresh":false,"showFog":true,"showSkybox":true,"showFlares":true,"showImageEffects":true,"showParticleSystems":true,"showVisualEffectGraphs":true,"m_FxEnabled":true},"in2DMode":false,"pivot":{"x":1.1904363632202149,"y":-1.7283077239990235,"z":6.784436225891113},"rotation":{"x":0.2152942717075348,"y":0.14036494493484498,"z":-0.03128683939576149,"w":0.9659020304679871},"size":6.674941539764404,"orthographic":false}