{"cameraMode":{"drawMode":0,"name":"Shaded","section":"Shading Mode"},"sceneLighting":false,"audioPlay":false,"sceneViewState":{"m_AlwaysRefresh":false,"showFog":true,"showSkybox":true,"showFlares":true,"showImageEffects":true,"showParticleSystems":true,"showVisualEffectGraphs":true,"m_FxEnabled":true},"in2DMode":false,"pivot":{"x":-2.287041664123535,"y":1.5015102624893189,"z":4.460077285766602},"rotation":{"x":-0.08729400485754013,"y":-0.17634828388690949,"z":0.015691548585891725,"w":-0.9803388118743897},"size":4.033685207366943,"orthographic":true}