{"cameraMode":{"drawMode":0,"name":"Shaded","section":"Shading Mode"},"sceneLighting":true,"audioPlay":false,"sceneViewState":{"m_AlwaysRefresh":false,"showFog":true,"showSkybox":true,"showFlares":true,"showImageEffects":true,"showParticleSystems":true,"showVisualEffectGraphs":true,"m_FxEnabled":true},"in2DMode":false,"pivot":{"x":2.5102591514587404,"y":0.008505001664161682,"z":1.295263409614563},"rotation":{"x":-0.2089204639196396,"y":-0.5369563102722168,"z":0.1392868310213089,"w":-0.8053788542747498},"size":1.2951576709747315,"orthographic":false}