{"cameraMode":{"drawMode":0,"name":"Shaded","section":"Shading Mode"},"sceneLighting":false,"audioPlay":false,"sceneViewState":{"m_AlwaysRefresh":false,"showFog":true,"showSkybox":false,"showFlares":true,"showImageEffects":true,"showParticleSystems":true,"showVisualEffectGraphs":true,"m_FxEnabled":true},"in2DMode":false,"pivot":{"x":2.9116227626800539,"y":0.5259324908256531,"z":-0.5376718044281006},"rotation":{"x":-0.06444207578897476,"y":-0.30831485986709597,"z":0.02093692310154438,"w":-0.9488794803619385},"size":0.10002244263887406,"orthographic":false}