{"cameraMode":{"drawMode":0,"name":"Shaded","section":"Shading Mode"},"sceneLighting":false,"audioPlay":false,"sceneViewState":{"m_AlwaysRefresh":false,"showFog":true,"showSkybox":false,"showFlares":true,"showImageEffects":true,"showParticleSystems":true,"showVisualEffectGraphs":true,"m_FxEnabled":true},"in2DMode":false,"pivot":{"x":4.793893814086914,"y":0.007214815355837345,"z":0.5509999990463257},"rotation":{"x":-0.3168100118637085,"y":0.0489104688167572,"z":-0.01636102795600891,"w":-0.947085440158844},"size":0.19032762944698335,"orthographic":false}